-- phpMyAdmin SQL Dump
-- version 4.9.0.1
-- https://www.phpmyadmin.net/
--
-- Host: 127.0.0.1
-- Generation Time: Jun 19, 2019 at 07:09 AM
-- Server version: 10.3.15-MariaDB
-- PHP Version: 7.3.6

SET SQL_MODE = "NO_AUTO_VALUE_ON_ZERO";
SET AUTOCOMMIT = 0;
START TRANSACTION;
SET time_zone = "+00:00";


/*!40101 SET @OLD_CHARACTER_SET_CLIENT=@@CHARACTER_SET_CLIENT */;
/*!40101 SET @OLD_CHARACTER_SET_RESULTS=@@CHARACTER_SET_RESULTS */;
/*!40101 SET @OLD_COLLATION_CONNECTION=@@COLLATION_CONNECTION */;
/*!40101 SET NAMES utf8mb4 */;

--
-- Database: `laravel`
--

-- --------------------------------------------------------

--
-- Table structure for table `anggota`
--

CREATE TABLE `anggota` (
  `id` int(10) UNSIGNED NOT NULL,
  `nama` varchar(255) COLLATE utf8mb4_unicode_ci NOT NULL,
  `created_at` timestamp NULL DEFAULT NULL,
  `updated_at` timestamp NULL DEFAULT NULL
) ENGINE=InnoDB DEFAULT CHARSET=utf8mb4 COLLATE=utf8mb4_unicode_ci;

--
-- Dumping data for table `anggota`
--

INSERT INTO `anggota` (`id`, `nama`, `created_at`, `updated_at`) VALUES
(1, 'Sari Tania Puspita', NULL, NULL),
(2, 'Diki Alfarabi Hadi', NULL, NULL),
(3, 'Luluh Sinaga', NULL, NULL),
(4, 'Lamar Putra', NULL, NULL),
(5, 'Banawi Kuswoyo', NULL, NULL),
(6, 'Ratih Wijayanti', NULL, NULL);

-- --------------------------------------------------------

--
-- Table structure for table `anggota_hadiah`
--

CREATE TABLE `anggota_hadiah` (
  `id` int(10) UNSIGNED NOT NULL,
  `anggota_id` int(10) UNSIGNED NOT NULL,
  `hadiah_id` int(10) UNSIGNED NOT NULL,
  `created_at` timestamp NULL DEFAULT NULL,
  `updated_at` timestamp NULL DEFAULT NULL
) ENGINE=InnoDB DEFAULT CHARSET=utf8mb4 COLLATE=utf8mb4_unicode_ci;

--
-- Dumping data for table `anggota_hadiah`
--

INSERT INTO `anggota_hadiah` (`id`, `anggota_id`, `hadiah_id`, `created_at`, `updated_at`) VALUES
(1, 6, 6, NULL, NULL),
(2, 2, 5, NULL, NULL),
(3, 6, 10, NULL, NULL),
(4, 3, 4, NULL, NULL),
(5, 3, 6, NULL, NULL),
(6, 1, 4, NULL, NULL),
(7, 4, 11, NULL, NULL),
(8, 5, 5, NULL, NULL),
(9, 2, 9, NULL, NULL),
(10, 6, 6, NULL, NULL),
(11, 3, 2, NULL, NULL),
(12, 2, 3, NULL, NULL),
(13, 1, 8, NULL, NULL),
(14, 6, 8, NULL, NULL),
(15, 3, 2, NULL, NULL);

-- --------------------------------------------------------

--
-- Table structure for table `articles`
--

CREATE TABLE `articles` (
  `id` int(10) UNSIGNED NOT NULL,
  `judul` varchar(255) COLLATE utf8mb4_unicode_ci NOT NULL,
  `created_at` timestamp NULL DEFAULT NULL,
  `updated_at` timestamp NULL DEFAULT NULL
) ENGINE=InnoDB DEFAULT CHARSET=utf8mb4 COLLATE=utf8mb4_unicode_ci;

--
-- Dumping data for table `articles`
--

INSERT INTO `articles` (`id`, `judul`, `created_at`, `updated_at`) VALUES
(1, 'Placeat saepe ea possimus provident quos est molestiae reiciendis.', NULL, NULL),
(2, 'Totam laudantium molestiae similique sit.', NULL, NULL),
(3, 'Aut consequatur ducimus ut non voluptatem voluptas.', NULL, NULL),
(4, 'Ad sit voluptatem qui ut dolorem.', NULL, NULL),
(5, 'Qui consequatur eum fuga corrupti.', NULL, NULL),
(6, 'Quos nesciunt blanditiis amet odio.', NULL, NULL),
(7, 'Ex doloremque consequuntur velit alias repellendus ullam.', NULL, NULL),
(8, 'Perspiciatis a quo beatae nobis et suscipit illo.', NULL, NULL),
(9, 'Maiores voluptate animi est enim totam.', NULL, NULL),
(10, 'Rerum expedita inventore nulla voluptates perferendis placeat.', NULL, NULL);

-- --------------------------------------------------------

--
-- Table structure for table `guru`
--

CREATE TABLE `guru` (
  `id` int(10) UNSIGNED NOT NULL,
  `nama` varchar(255) COLLATE utf8mb4_unicode_ci NOT NULL,
  `umur` int(11) NOT NULL,
  `created_at` timestamp NULL DEFAULT NULL,
  `updated_at` timestamp NULL DEFAULT NULL,
  `deleted_at` datetime DEFAULT NULL
) ENGINE=InnoDB DEFAULT CHARSET=utf8mb4 COLLATE=utf8mb4_unicode_ci;

--
-- Dumping data for table `guru`
--

INSERT INTO `guru` (`id`, `nama`, `umur`, `created_at`, `updated_at`, `deleted_at`) VALUES
(2, 'Fitria Gilda Hastuti S.Pd', 40, NULL, '2019-06-18 21:35:41', NULL),
(3, 'Ana Mayasari S.Gz', 34, NULL, NULL, NULL),
(4, 'Cemeti Gunarto', 33, NULL, NULL, NULL),
(5, 'Gangsa Samosir', 41, NULL, NULL, NULL),
(6, 'Salwa Wastuti', 44, NULL, NULL, NULL),
(7, 'Cici Oliva Puspita', 37, NULL, NULL, NULL),
(8, 'Dartono Kusumo', 36, NULL, NULL, NULL),
(9, 'Hardi Asmadi Uwais S.Ked', 26, NULL, NULL, NULL);

-- --------------------------------------------------------

--
-- Table structure for table `hadiah`
--

CREATE TABLE `hadiah` (
  `id` int(10) UNSIGNED NOT NULL,
  `nama_hadiah` varchar(255) COLLATE utf8mb4_unicode_ci NOT NULL,
  `created_at` timestamp NULL DEFAULT NULL,
  `updated_at` timestamp NULL DEFAULT NULL
) ENGINE=InnoDB DEFAULT CHARSET=utf8mb4 COLLATE=utf8mb4_unicode_ci;

--
-- Dumping data for table `hadiah`
--

INSERT INTO `hadiah` (`id`, `nama_hadiah`, `created_at`, `updated_at`) VALUES
(1, 'Kulkas', NULL, NULL),
(2, 'Lemari', NULL, NULL),
(3, 'Rumah', NULL, NULL),
(4, 'Mobil', NULL, NULL),
(5, 'Sepeda Motor', NULL, NULL),
(6, 'Pulpen', NULL, NULL),
(7, 'Tas', NULL, NULL),
(8, 'Sepatu', NULL, NULL),
(9, 'Voucher', NULL, NULL),
(10, 'Mouse', NULL, NULL),
(11, 'Laptop', NULL, NULL);

-- --------------------------------------------------------

--
-- Table structure for table `mahasiswa`
--

CREATE TABLE `mahasiswa` (
  `id` int(10) UNSIGNED NOT NULL,
  `nama` varchar(255) COLLATE utf8mb4_unicode_ci NOT NULL,
  `nim` int(11) NOT NULL,
  `alamat` text COLLATE utf8mb4_unicode_ci NOT NULL,
  `created_at` timestamp NULL DEFAULT NULL,
  `updated_at` timestamp NULL DEFAULT NULL
) ENGINE=InnoDB DEFAULT CHARSET=utf8mb4 COLLATE=utf8mb4_unicode_ci;

-- --------------------------------------------------------

--
-- Table structure for table `migrations`
--

CREATE TABLE `migrations` (
  `id` int(10) UNSIGNED NOT NULL,
  `migration` varchar(255) COLLATE utf8mb4_unicode_ci NOT NULL,
  `batch` int(11) NOT NULL
) ENGINE=InnoDB DEFAULT CHARSET=utf8mb4 COLLATE=utf8mb4_unicode_ci;

--
-- Dumping data for table `migrations`
--

INSERT INTO `migrations` (`id`, `migration`, `batch`) VALUES
(1, '2014_10_12_000000_create_users_table', 1),
(2, '2014_10_12_100000_create_password_resets_table', 1),
(4, '2019_06_19_022815_create_mahasiswa_table', 2),
(5, '2019_06_19_024251_create_pegawai_table', 3);

-- --------------------------------------------------------

--
-- Table structure for table `password_resets`
--

CREATE TABLE `password_resets` (
  `email` varchar(255) COLLATE utf8mb4_unicode_ci NOT NULL,
  `token` varchar(255) COLLATE utf8mb4_unicode_ci NOT NULL,
  `created_at` timestamp NULL DEFAULT NULL
) ENGINE=InnoDB DEFAULT CHARSET=utf8mb4 COLLATE=utf8mb4_unicode_ci;

-- --------------------------------------------------------

--
-- Table structure for table `pegawai`
--

CREATE TABLE `pegawai` (
  `id` int(10) UNSIGNED NOT NULL,
  `nama` varchar(255) COLLATE utf8mb4_unicode_ci NOT NULL,
  `alamat` text COLLATE utf8mb4_unicode_ci NOT NULL,
  `created_at` timestamp NULL DEFAULT NULL,
  `updated_at` timestamp NULL DEFAULT NULL
) ENGINE=InnoDB DEFAULT CHARSET=utf8mb4 COLLATE=utf8mb4_unicode_ci;

--
-- Dumping data for table `pegawai`
--

INSERT INTO `pegawai` (`id`, `nama`, `alamat`, `created_at`, `updated_at`) VALUES
(4, 'Jokowi', 'Jl. Jakarta', NULL, '2019-06-18 21:00:23'),
(5, 'Rahmi Nasyiah S.Ked', 'Jln. Lada No. 974, Palembang 42604, DKI', NULL, NULL),
(6, 'Martaka Gandi Setiawan S.Kom', 'Psr. Kyai Mojo No. 275, Pariaman 80508, NTB', NULL, NULL),
(7, 'Malik Saputra M.TI.', 'Ki. Tubagus Ismail No. 98, Palangka Raya 99712, SulSel', NULL, NULL),
(8, 'Puput Usada S.Gz', 'Jr. Dewi Sartika No. 526, Tangerang Selatan 46291, SumSel', NULL, NULL),
(9, 'Eja Hardiansyah', 'Jln. Adisumarmo No. 806, Palopo 49470, Lampung', NULL, NULL),
(10, 'Irma Usamah', 'Dk. Bass No. 764, Batam 20421, NTB', NULL, NULL);

-- --------------------------------------------------------

--
-- Table structure for table `pengguna`
--

CREATE TABLE `pengguna` (
  `id` int(10) UNSIGNED NOT NULL,
  `nama` varchar(255) COLLATE utf8mb4_unicode_ci NOT NULL,
  `created_at` timestamp NULL DEFAULT NULL,
  `updated_at` timestamp NULL DEFAULT NULL
) ENGINE=InnoDB DEFAULT CHARSET=utf8mb4 COLLATE=utf8mb4_unicode_ci;

--
-- Dumping data for table `pengguna`
--

INSERT INTO `pengguna` (`id`, `nama`, `created_at`, `updated_at`) VALUES
(1, 'Padmi Kamila Hassanah S.Farm', NULL, NULL),
(2, 'Julia Oktaviani', NULL, NULL),
(3, 'Darmana Sitompul', NULL, NULL),
(4, 'Naradi Nainggolan', NULL, NULL),
(5, 'Tedi Winarno', NULL, NULL),
(6, 'Ulya Yani Permata S.Pt', NULL, NULL),
(7, 'Maida Uyainah', NULL, NULL),
(8, 'Putri Dian Nasyidah M.Pd', NULL, NULL),
(9, 'Lantar Uwais', NULL, NULL);

-- --------------------------------------------------------

--
-- Table structure for table `tags`
--

CREATE TABLE `tags` (
  `id` int(10) UNSIGNED NOT NULL,
  `tag` varchar(255) COLLATE utf8mb4_unicode_ci NOT NULL,
  `article_id` int(10) UNSIGNED NOT NULL,
  `created_at` timestamp NULL DEFAULT NULL,
  `updated_at` timestamp NULL DEFAULT NULL
) ENGINE=InnoDB DEFAULT CHARSET=utf8mb4 COLLATE=utf8mb4_unicode_ci;

--
-- Dumping data for table `tags`
--

INSERT INTO `tags` (`id`, `tag`, `article_id`, `created_at`, `updated_at`) VALUES
(1, 'dolores', 2, NULL, NULL),
(2, 'culpa', 3, NULL, NULL),
(3, 'sit', 4, NULL, NULL),
(4, 'quasi', 3, NULL, NULL),
(5, 'inventore', 5, NULL, NULL),
(6, 'ut', 7, NULL, NULL),
(7, 'quisquam', 5, NULL, NULL),
(8, 'fugiat', 7, NULL, NULL),
(9, 'perspiciatis', 5, NULL, NULL),
(10, 'voluptatem', 3, NULL, NULL),
(11, 'non', 2, NULL, NULL),
(12, 'ducimus', 5, NULL, NULL),
(13, 'tempora', 4, NULL, NULL),
(14, 'voluptatem', 10, NULL, NULL),
(15, 'nisi', 3, NULL, NULL),
(16, 'exercitationem', 10, NULL, NULL),
(17, 'sed', 2, NULL, NULL),
(18, 'tempora', 6, NULL, NULL),
(19, 'laudantium', 7, NULL, NULL),
(20, 'a', 6, NULL, NULL),
(21, 'consequuntur', 9, NULL, NULL),
(22, 'omnis', 1, NULL, NULL),
(23, 'rerum', 9, NULL, NULL),
(24, 'ut', 1, NULL, NULL),
(25, 'amet', 10, NULL, NULL),
(26, 'atque', 9, NULL, NULL),
(27, 'at', 4, NULL, NULL),
(28, 'hic', 3, NULL, NULL),
(29, 'itaque', 1, NULL, NULL),
(30, 'quia', 9, NULL, NULL),
(31, 'consequatur', 8, NULL, NULL),
(32, 'non', 9, NULL, NULL),
(33, 'explicabo', 10, NULL, NULL),
(34, 'eos', 6, NULL, NULL),
(35, 'eveniet', 5, NULL, NULL),
(36, 'dolor', 10, NULL, NULL),
(37, 'magnam', 10, NULL, NULL),
(38, 'aut', 1, NULL, NULL),
(39, 'et', 6, NULL, NULL),
(40, 'ut', 10, NULL, NULL);

-- --------------------------------------------------------

--
-- Table structure for table `telepon`
--

CREATE TABLE `telepon` (
  `id` int(10) UNSIGNED NOT NULL,
  `nomor_telepon` varchar(20) COLLATE utf8mb4_unicode_ci NOT NULL,
  `pengguna_id` int(11) NOT NULL,
  `created_at` timestamp NULL DEFAULT NULL,
  `updated_at` timestamp NULL DEFAULT NULL
) ENGINE=InnoDB DEFAULT CHARSET=utf8mb4 COLLATE=utf8mb4_unicode_ci;

--
-- Dumping data for table `telepon`
--

INSERT INTO `telepon` (`id`, `nomor_telepon`, `pengguna_id`, `created_at`, `updated_at`) VALUES
(1, '(+62) 878 0989 834', 1, NULL, NULL),
(2, '(+62) 509 9868 0557', 2, NULL, NULL),
(3, '023 9503 4379', 3, NULL, NULL),
(4, '(+62) 24 1120 052', 4, NULL, NULL),
(5, '0535 3676 2454', 5, NULL, NULL),
(6, '0614 0945 4128', 6, NULL, NULL),
(7, '0460 8541 5478', 7, NULL, NULL),
(8, '(+62) 713 5497 976', 8, NULL, NULL),
(9, '(+62) 653 4057 294', 9, NULL, NULL);

-- --------------------------------------------------------

--
-- Table structure for table `users`
--

CREATE TABLE `users` (
  `id` bigint(20) UNSIGNED NOT NULL,
  `name` varchar(255) COLLATE utf8mb4_unicode_ci NOT NULL,
  `email` varchar(255) COLLATE utf8mb4_unicode_ci NOT NULL,
  `email_verified_at` timestamp NULL DEFAULT NULL,
  `password` varchar(255) COLLATE utf8mb4_unicode_ci NOT NULL,
  `remember_token` varchar(100) COLLATE utf8mb4_unicode_ci DEFAULT NULL,
  `created_at` timestamp NULL DEFAULT NULL,
  `updated_at` timestamp NULL DEFAULT NULL
) ENGINE=InnoDB DEFAULT CHARSET=utf8mb4 COLLATE=utf8mb4_unicode_ci;

--
-- Dumping data for table `users`
--

INSERT INTO `users` (`id`, `name`, `email`, `email_verified_at`, `password`, `remember_token`, `created_at`, `updated_at`) VALUES
(1, 'Tamam', 'potrekoneeng@gmail.com', NULL, '$2y$10$Afa0bRO5y1YHUo4BZHEY4e5CfAVnpGLsy3yngU9gWzSd8DM5JCSB.', NULL, '2019-06-18 22:08:35', '2019-06-18 22:08:35');

--
-- Indexes for dumped tables
--

--
-- Indexes for table `anggota`
--
ALTER TABLE `anggota`
  ADD PRIMARY KEY (`id`);

--
-- Indexes for table `anggota_hadiah`
--
ALTER TABLE `anggota_hadiah`
  ADD PRIMARY KEY (`id`);

--
-- Indexes for table `articles`
--
ALTER TABLE `articles`
  ADD PRIMARY KEY (`id`);

--
-- Indexes for table `guru`
--
ALTER TABLE `guru`
  ADD PRIMARY KEY (`id`);

--
-- Indexes for table `hadiah`
--
ALTER TABLE `hadiah`
  ADD PRIMARY KEY (`id`);

--
-- Indexes for table `mahasiswa`
--
ALTER TABLE `mahasiswa`
  ADD PRIMARY KEY (`id`);

--
-- Indexes for table `migrations`
--
ALTER TABLE `migrations`
  ADD PRIMARY KEY (`id`);

--
-- Indexes for table `password_resets`
--
ALTER TABLE `password_resets`
  ADD KEY `password_resets_email_index` (`email`);

--
-- Indexes for table `pegawai`
--
ALTER TABLE `pegawai`
  ADD PRIMARY KEY (`id`);

--
-- Indexes for table `pengguna`
--
ALTER TABLE `pengguna`
  ADD PRIMARY KEY (`id`);

--
-- Indexes for table `tags`
--
ALTER TABLE `tags`
  ADD PRIMARY KEY (`id`);

--
-- Indexes for table `telepon`
--
ALTER TABLE `telepon`
  ADD PRIMARY KEY (`id`);

--
-- Indexes for table `users`
--
ALTER TABLE `users`
  ADD PRIMARY KEY (`id`),
  ADD UNIQUE KEY `users_email_unique` (`email`);

--
-- AUTO_INCREMENT for dumped tables
--

--
-- AUTO_INCREMENT for table `anggota`
--
ALTER TABLE `anggota`
  MODIFY `id` int(10) UNSIGNED NOT NULL AUTO_INCREMENT, AUTO_INCREMENT=9;

--
-- AUTO_INCREMENT for table `anggota_hadiah`
--
ALTER TABLE `anggota_hadiah`
  MODIFY `id` int(10) UNSIGNED NOT NULL AUTO_INCREMENT, AUTO_INCREMENT=16;

--
-- AUTO_INCREMENT for table `articles`
--
ALTER TABLE `articles`
  MODIFY `id` int(10) UNSIGNED NOT NULL AUTO_INCREMENT, AUTO_INCREMENT=11;

--
-- AUTO_INCREMENT for table `guru`
--
ALTER TABLE `guru`
  MODIFY `id` int(10) UNSIGNED NOT NULL AUTO_INCREMENT, AUTO_INCREMENT=11;

--
-- AUTO_INCREMENT for table `hadiah`
--
ALTER TABLE `hadiah`
  MODIFY `id` int(10) UNSIGNED NOT NULL AUTO_INCREMENT, AUTO_INCREMENT=12;

--
-- AUTO_INCREMENT for table `mahasiswa`
--
ALTER TABLE `mahasiswa`
  MODIFY `id` int(10) UNSIGNED NOT NULL AUTO_INCREMENT;

--
-- AUTO_INCREMENT for table `migrations`
--
ALTER TABLE `migrations`
  MODIFY `id` int(10) UNSIGNED NOT NULL AUTO_INCREMENT, AUTO_INCREMENT=6;

--
-- AUTO_INCREMENT for table `pegawai`
--
ALTER TABLE `pegawai`
  MODIFY `id` int(10) UNSIGNED NOT NULL AUTO_INCREMENT, AUTO_INCREMENT=11;

--
-- AUTO_INCREMENT for table `pengguna`
--
ALTER TABLE `pengguna`
  MODIFY `id` int(10) UNSIGNED NOT NULL AUTO_INCREMENT, AUTO_INCREMENT=10;

--
-- AUTO_INCREMENT for table `tags`
--
ALTER TABLE `tags`
  MODIFY `id` int(10) UNSIGNED NOT NULL AUTO_INCREMENT, AUTO_INCREMENT=41;

--
-- AUTO_INCREMENT for table `telepon`
--
ALTER TABLE `telepon`
  MODIFY `id` int(10) UNSIGNED NOT NULL AUTO_INCREMENT, AUTO_INCREMENT=10;

--
-- AUTO_INCREMENT for table `users`
--
ALTER TABLE `users`
  MODIFY `id` bigint(20) UNSIGNED NOT NULL AUTO_INCREMENT, AUTO_INCREMENT=2;
COMMIT;

/*!40101 SET CHARACTER_SET_CLIENT=@OLD_CHARACTER_SET_CLIENT */;
/*!40101 SET CHARACTER_SET_RESULTS=@OLD_CHARACTER_SET_RESULTS */;
/*!40101 SET COLLATION_CONNECTION=@OLD_COLLATION_CONNECTION */;
